<?xml version="1.0" encoding="UTF-8"?>
<!DOCTYPE suite SYSTEM "https://testng.org/testng-1.0.dtd">
<suite name="Suite"  parallel="tests" thread-count="1">
  <test name="Test1">
   <parameter name="browserName" value="chrome"/>
    <classes>
      <class name="test.scenarious.Test_Ninja"/>
    </classes>
  </test> <!-- Test -->
  
  <test name="Test2">
  <parameter name="browserName" value="me"/>
    <classes>
      <class name="test.scenarious.Test_Ninja"/>
    </classes>
  </test>   <!-- Test -->
  
</suite> <!-- Suite -->
